date;open;close;tickvol
2019.01.02;84.3700;85.9200;6504
2019.01.03;82.8400;80.7300;12582
2019.01.04;81.2500;82.7000;10204
2019.01.07;82.5500;83.1800;8068
2019.01.08;84.3200;85.2600;12181
2019.01.09;85.9800;87.4000;10683
2019.01.10;86.8500;88.6100;5917
2019.01.11;88.1200;90.0600;9155
2019.01.14;88.7600;87.5000;7246
2019.01.15;87.9700;87.6000;6589
2019.01.16;87.3000;87.0000;5070
2019.01.17;86.3800;88.8200;8426
2019.01.18;89.4400;91.3600;10350
2019.01.22;90.6700;89.1300;7401
2019.01.23;89.4600;88.8700;4664
2019.01.24;90.5900;94.7500;16569
2019.01.25;95.4100;97.6700;13614
2019.01.28;94.8700;97.3500;7090
2019.01.29;98.0700;97.0100;6431
2019.01.30;97.6100;99.0200;7529
2019.01.31;98.4700;98.8600;8328
2019.02.01;99.0000;100.5500;10335
2019.02.04;100.4700;99.7000;9400
2019.02.05;99.5100;100.3900;6402
2019.02.06;101.0500;102.4100;11513
2019.02.07;101.2700;100.6100;10756
2019.02.08;99.1400;100.7400;8478
2019.02.11;102.4300;101.7400;7031
2019.02.12;103.2000;104.0600;12290
2019.02.13;104.2400;104.4300;7670
2019.02.14;104.2200;104.4800;11152
2019.02.15;105.0900;105.7800;7338
2019.02.19;105.5500;104.2300;12722
2019.02.20;105.0100;106.8100;15800
2019.02.21;106.5600;105.2900;8506
2019.02.22;106.0000;105.9100;7423
2019.02.25;106.9000;107.8900;12702
2019.02.26;107.4300;107.1700;6325
2019.02.27;106.0000;105.9300;8323
2019.02.28;105.1100;106.9600;7034
2019.03.01;107.8900;108.4500;8580
2019.03.04;109.2800;108.6800;7842
2019.03.05;108.6600;108.2300;6347
2019.03.06;108.3600;106.7700;6103
2019.03.07;106.2700;105.6800;6389
2019.03.08;104.7300;105.4000;14535
2019.03.11;106.7100;107.6800;6854
2019.03.12;107.4200;107.9100;6256
2019.03.13;108.1100;108.0800;4047
2019.03.14;107.4900;108.2500;5152
2019.03.15;110.2700;109.3900;5985
2019.03.18;109.7500;109.1500;5218
2019.03.19;109.4900;109.9500;4573
2019.03.20;109.3100;108.6100;5768
2019.03.21;110.3000;110.1800;7742
2019.03.22;109.1900;107.6100;5158
2019.03.25;105.0200;105.2500;6133
2019.03.26;106.2600;107.1000;7345
2019.03.27;105.8200;104.9600;5983
2019.03.28;104.9500;104.0700;6484
2019.03.29;105.4400;105.2700;5584
2019.04.01;106.5200;108.2700;10716
2019.04.02;108.3700;108.1100;5386
2019.04.03;109.1900;109.8500;6677
2019.04.04;109.1400;110.5500;5810
2019.04.05;110.8400;111.4600;5020
2019.04.08;111.0300;111.7300;6913
2019.04.09;111.2800;110.5000;6000
2019.04.10;110.1000;112.0900;5799
2019.04.11;112.0300;111.8200;5828
2019.04.12;112.4700;114.2200;7139
2019.04.15;114.4500;112.9200;3433
2019.04.16;113.2500;114.5900;6639
2019.04.17;115.0900;114.3800;7141
2019.04.18;114.8300;114.8200;6277
2019.04.22;114.1500;113.5900;5392
2019.04.23;113.5200;114.1400;9568
2019.04.24;114.4500;117.2700;15853
2019.04.25;116.3800;115.0200;10422
2019.04.26;113.2500;114.4500;6831
2019.04.29;114.2500;113.8700;5732
2019.04.30;113.9500;116.2500;9008
2019.05.01;116.5400;114.6900;5321
2019.05.02;114.7200;116.9700;5899
2019.05.03;117.5800;116.9500;6848
2019.05.06;114.1600;114.9300;6797
2019.05.07;113.3600;113.6800;8221
2019.05.08;112.3200;110.5200;11407
2019.05.09;108.7400;110.5500;9821
2019.05.10;110.1100;110.6100;6769
2019.05.13;106.9400;104.2000;14165
2019.05.14;105.1400;106.7400;6793
2019.05.15;105.7800;107.9000;5140
2019.05.16;105.8600;104.6500;17194
2019.05.17;103.2900;100.8400;18183
2019.05.20;97.8700;97.4600;14170
2019.05.21;101.3400;99.9700;15429
2019.05.22;98.5900;101.4500;17102
2019.05.23;99.6900;98.7300;12070
2019.05.24;99.4900;98.4200;7021
2019.05.28;98.6600;97.0800;6364
2019.05.29;96.0100;98.0900;9016
2019.05.30;97.8800;98.0800;5957
2019.05.31;96.7600;96.6100;5767
2019.06.03;97.4700;96.0700;7950
2019.06.04;97.8000;101.0000;9985
2019.06.05;101.6400;99.8400;4743
2019.06.06;99.8800;99.9600;4658
2019.06.07;100.1600;100.6900;7179
2019.06.10;104.3300;106.5600;13642
2019.06.11;107.7300;105.1500;6690
2019.06.12;104.8600;104.3600;4960
2019.06.13;104.9400;105.8100;4894
2019.06.14;103.5300;104.0000;6783
2019.06.17;104.2000;105.1100;6328
2019.06.18;106.7000;109.9500;9843
2019.06.19;109.9500;111.0500;6138
2019.06.20;113.5200;112.6100;5657
2019.06.21;112.1000;113.6500;6180
2019.06.24;113.9400;112.9000;6815
2019.06.25;113.0600;110.2800;6859
2019.06.26;111.7000;110.8800;10295
2019.06.27;111.4000;112.8400;5916
2019.06.28;113.3600;112.7500;5340
2019.07.01;117.1700;115.0000;7547
2019.07.02;114.5000;113.5200;3917
2019.07.03;113.3800;113.1700;3846
2019.07.05;112.1700;112.8900;3201
2019.07.08;112.0000;111.8500;4174
2019.07.09;111.5900;113.2900;5150
2019.07.10;114.8400;114.0200;4965
2019.07.11;114.2500;113.9800;3731
2019.07.12;114.4100;116.2000;6771
2019.07.15;116.8300;117.0300;3155
2019.07.16;115.9800;115.4600;5428
2019.07.17;116.0100;113.9300;4752
2019.07.18;113.2500;115.9900;6667
2019.07.19;116.0300;115.8100;4870
2019.07.22;115.5500;117.7100;5567
2019.07.23;118.5000;119.9300;6873
2019.07.24;121.1100;124.6500;16263
2019.07.25;123.4600;122.1800;8007
2019.07.26;122.6300;121.8000;3778
2019.07.29;122.0900;121.1900;5827
2019.07.30;120.0300;120.9200;4619
2019.07.31;120.9600;117.4900;7816
2019.08.01;117.6000;114.4200;10777
2019.08.02;113.8100;112.7000;9803
2019.08.05;109.5700;107.5900;10541
2019.08.06;108.8600;109.2700;9810
2019.08.07;107.5500;109.8000;5086
2019.08.08;110.0400;112.3800;5258
2019.08.09;111.6100;110.6200;5011
2019.08.12;110.2200;108.9400;4101
2019.08.13;108.7400;113.0400;7027
2019.08.14;110.6300;110.3100;4000
2019.08.15;110.6200;108.4500;7037
2019.08.16;109.8800;110.5100;7287
2019.08.19;113.0800;111.1700;8046
2019.08.20;110.3300;110.3500;7297
2019.08.21;109.1000;108.5700;11245
2019.08.22;108.6800;108.6300;8214
2019.08.23;106.7700;104.1600;10945
2019.08.26;105.5300;106.0800;6723
2019.08.27;107.4900;107.0400;6067
2019.08.28;106.2300;108.0500;4680
2019.08.29;109.6500;109.0000;5393
2019.08.30;110.0000;109.8200;4529
2019.09.03;108.8800;106.3700;8330
2019.09.04;108.5200;109.1800;3458
2019.09.05;111.4700;113.0000;6706
2019.09.06;113.2300;112.7200;3050
2019.09.09;113.3900;112.8700;3503
2019.09.10;112.3400;113.9800;3970
2019.09.11;114.2000;115.0300;7190
2019.09.12;118.0000;116.2300;6745
2019.09.13;116.1300;116.5200;5273
2019.09.16;115.1800;115.2500;2831
2019.09.17;115.0000;115.2700;3812
2019.09.18;115.3300;116.5500;3838
2019.09.19;116.5100;115.8900;4043
2019.09.20;115.6600;115.2800;6578
2019.09.23;115.1400;114.2900;4333
2019.09.24;115.0600;110.9800;8298
2019.09.25;111.0800;112.6900;7104
2019.09.26;112.7700;113.0900;2976
2019.09.27;112.8600;111.0500;4053
2019.09.30;112.2400;111.7400;5796
2019.10.01;114.5200;109.7400;9489
2019.10.02;109.1400;108.9700;4198
2019.10.03;108.8300;110.8800;4293
2019.10.04;112.0500;113.0200;4301
2019.10.07;112.8900;110.8200;5652
2019.10.08;109.9900;106.1700;9637
2019.10.09;107.4500;108.0400;6246
2019.10.10;107.9700;108.4100;6334
2019.10.11;109.7300;111.1700;8539
2019.10.14;110.8800;110.3500;3765
2019.10.15;110.7700;113.2400;8713
2019.10.16;112.6800;110.5700;6549
2019.10.17;111.8500;110.0400;4413
2019.10.18;109.2600;109.4700;4676
2019.10.21;110.7000;111.1200;3961
2019.10.22;111.2000;110.8900;4416
2019.10.23;107.3800;105.5600;15666
2019.10.24;106.2300;105.2900;9618
2019.10.25;105.1500;106.8200;6445
2019.10.28;108.3700;108.8300;5807
2019.10.29;109.4400;108.0600;4916
2019.10.30;109.0100;108.2500;7806
2019.10.31;105.9900;106.6300;9599
2019.11.01;108.9900;109.3700;5547
2019.11.04;110.9300;111.3700;5521
2019.11.05;111.5000;113.4500;10742
2019.11.06;113.1500;112.0600;5875
2019.11.07;113.4400;112.2800;3282
2019.11.08;111.3300;113.0300;3353
2019.11.11;111.7300;112.5400;4810
2019.11.12;113.0300;113.2600;4258
2019.11.13;112.8200;114.1900;5364
2019.11.14;113.7000;113.3100;3339
2019.11.15;114.5700;113.3900;5644
2019.11.18;113.4000;112.0000;4927
2019.11.19;112.6100;111.6900;5369
2019.11.20;110.8100;108.5800;9981
2019.11.21;109.0200;108.7900;7331
2019.11.22;111.0800;110.6500;5526
2019.11.25;111.4100;113.0800;8769
2019.11.26;108.5800;114.7900;21962
2019.11.27;116.1500;113.6900;11682
2019.11.29;114.3900;112.9500;3670
2019.12.02;113.0800;111.2700;5643
2019.12.03;109.5900;110.2600;5899
2019.12.04;111.8200;114.4400;10543
2019.12.05;114.0000;113.4700;7114
2019.12.06;114.9200;115.8900;5294
2019.12.09;115.7600;114.6000;4229
2019.12.10;115.1400;114.4200;4658
2019.12.11;114.8700;115.8500;6484
2019.12.12;115.9400;117.8200;7092
2019.12.13;117.0200;118.7600;3955
2019.12.16;119.5100;118.8700;5800
2019.12.17;119.0100;118.7700;2799
2019.12.18;119.5300;116.9900;6888
2019.12.19;117.4400;118.7300;4264
2019.12.20;119.5600;119.8600;3652
2019.12.23;120.1000;119.1600;2628
2019.12.24;119.1900;119.7200;1460
2019.12.26;119.5500;119.6800;1927
2019.12.27;120.0000;119.4400;1992
2019.12.30;119.2800;118.8500;3023
2019.12.31;118.6100;118.8500;1973
2020.01.02;120.2400;120.4500;3082
2020.01.03;117.9400;118.3100;3143
2020.01.06;116.2300;116.9100;4764
2020.01.07;118.9600;119.6000;6868
2020.01.08;120.3100;120.6500;5171
2020.01.09;121.6900;120.6500;3691
2020.01.10;120.8000;118.5400;4508
2020.01.13;118.7900;119.0400;4090
2020.01.14;118.7400;119.5300;2971
2020.01.15;119.3000;117.5200;4760
2020.01.16;118.2200;119.1500;3589
2020.01.17;119.7300;119.4200;4510
2020.01.21;118.3300;119.2700;3571
2020.01.22;119.5700;120.4200;4426
2020.01.23;120.4200;120.8600;5608
2020.01.24;120.9000;117.5800;5322
2020.01.27;114.8800;112.2100;7476
2020.01.28;114.0300;114.2800;7257
2020.01.29;114.3100;113.2400;8545
2020.01.30;112.1700;112.3700;9083
2020.01.31;111.7400;109.7700;9447
2020.02.03;110.7000;110.0000;6088
2020.02.04;112.8600;112.4700;6015
2020.02.05;115.0800;116.7500;6931
2020.02.06;116.7800;115.8200;4373
2020.02.07;115.0500;112.2600;4064
2020.02.10;110.8400;112.9000;5523
2020.02.11;113.8800;116.8700;8897
2020.02.12;117.4500;118.8200;5543
2020.02.13;118.0100;118.8900;4502
2020.02.14;119.0500;117.6600;4510
2020.02.18;116.7700;118.5600;9268
2020.02.19;125.7500;123.9000;15111
2020.02.20;124.4000;124.5600;10495
2020.02.21;122.7700;122.7600;8302
2020.02.24;119.2800;117.3600;9482
2020.02.25;118.5400;114.6600;9942
2020.02.26;115.7600;114.8400;9671
2020.02.27;111.8400;107.5800;9417
2020.02.28;104.4800;109.1100;17366
2020.03.02;110.0900;111.4200;12969
2020.03.03;110.1300;107.2000;8580
2020.03.04;109.0100;112.4700;5157
2020.03.05;109.0400;108.8700;5769
2020.03.06;105.0200;107.0200;13328
2020.03.09;101.7200;96.2900;10670
2020.03.10;98.7900;102.4400;9720
2020.03.11;98.1900;94.4100;10188
2020.03.12;89.0800;90.0100;25138
2020.03.13;93.9100;99.7900;11739
2020.03.16;90.3500;83.2100;16495
2020.03.17;85.0200;95.4400;10579
2020.03.18;90.8100;82.7000;16881
2020.03.19;88.4700;89.7200;9076
2020.03.20;92.6500;85.2000;11859
2020.03.23;84.3900;85.1600;13435
2020.03.24;89.1600;93.7300;9679
2020.03.25;90.7500;94.3600;12645
2020.03.26;93.4100;92.6200;18622
2020.03.27;89.1800;88.6700;8044
2020.03.30;89.5600;90.8700;11080
2020.03.31;90.5600;89.6500;11534
2020.04.01;85.8800;84.0900;9740
2020.04.02;83.0000;87.7100;12134
2020.04.03;86.8500;86.6000;6780
2020.04.06;90.0000;95.8100;11941
2020.04.07;99.0300;96.2400;14410
2020.04.08;97.1100;101.4700;11246
2020.04.09;101.5000;98.7900;10155
2020.04.13;97.6500;99.6700;7388
2020.04.14;101.0000;103.0600;10475
2020.04.15;100.7200;100.4700;5945
2020.04.16;101.4800;101.8600;6295
2020.04.17;103.0200;102.7800;7575
2020.04.20;101.6200;100.8200;5222
2020.04.21;98.0400;96.3900;10426
2020.04.22;99.6800;102.1200;8227
2020.04.23;102.1600;101.8000;5403
2020.04.24;102.0900;105.9100;10503
2020.04.27;106.5700;108.0400;6856
2020.04.28;111.0000;107.6100;6577
2020.04.29;109.8700;113.4300;8047
2020.04.30;111.4500;109.4900;7994
2020.05.01;106.3000;103.5500;8456
2020.05.04;102.6000;103.4600;7363
2020.05.05;106.0000;105.8900;6814
2020.05.06;106.8200;105.2500;4808
2020.05.07;106.9500;106.3400;3868
2020.05.08;107.0900;109.8500;4604
2020.05.11;108.4000;108.4200;4114
2020.05.12;109.6900;106.5000;7179
2020.05.13;106.5700;103.8600;9284
2020.05.14;103.1800;105.5400;6863
2020.05.15;102.8000;101.8100;14086
2020.05.18;105.0800;108.2900;8528
2020.05.19;107.8700;106.2600;11671
2020.05.20;111.7300;114.5800;17625
2020.05.21;113.7800;111.0100;9833
2020.05.22;110.7600;111.0800;5612
2020.05.26;113.5700;112.7100;7254
2020.05.27;113.9700;114.7100;5593
2020.05.28;114.0000;110.9600;7139
2020.05.29;111.2200;112.9500;7767
2020.06.01;112.8400;112.7600;4385
2020.06.02;113.0000;116.8400;8113
2020.06.03;118.8500;121.6300;13157
2020.06.04;120.0000;122.4000;5854
2020.06.05;124.9000;124.5500;12137
2020.06.08;125.2200;123.7100;6331
2020.06.09;122.2900;123.3700;5710
2020.06.10;123.6600;122.8900;6275
2020.06.11;120.9000;115.5700;8616
2020.06.12;119.3900;118.4600;11333
2020.06.15;115.9600;118.5700;5595
2020.06.16;122.2600;122.7400;8533
2020.06.17;122.8200;122.4800;4786
2020.06.18;122.3200;122.7600;4057
2020.06.19;124.3900;120.1100;7938
2020.06.22;120.0000;120.5100;6327
2020.06.23;121.5600;123.2400;8795
2020.06.24;122.4700;119.4400;7672
2020.06.25;119.9800;120.1100;6029
2020.06.26;119.7700;117.8800;4973
2020.06.29;118.3900;118.9300;4197
2020.06.30;119.2700;122.6700;7914
2020.07.01;122.2900;120.4100;4732
2020.07.02;122.5200;121.3000;4942
2020.07.06;122.9600;123.5600;3405
2020.07.07;122.0000;122.5000;6668
2020.07.08;123.1200;122.8500;5563
2020.07.09;122.0200;124.3000;6308
2020.07.10;124.2000;124.5000;7264
2020.07.13;121.5000;117.2500;52653
2020.07.14;116.6400;118.0100;23799
2020.07.15;119.3000;117.8900;13700
2020.07.16;116.7200;115.9700;15162
2020.07.17;116.4600;116.7500;9822
2020.07.20;117.0500;117.0600;11978
2020.07.21;117.2000;114.5900;15631
2020.07.22;114.7500;113.8400;12824
2020.07.23;113.8500;111.8700;14406
2020.07.24;111.1900;112.2000;17430
2020.07.27;113.1600;115.7500;13392
2020.07.28;114.8100;115.4000;14450
2020.07.29;116.3800;117.5700;13305
2020.07.30;114.9700;116.2500;11555
2020.07.31;116.3100;114.8700;9393
2020.08.03;115.8700;116.5600;10636
2020.08.04;116.2500;117.1800;10680
2020.08.05;116.3900;116.1700;12221
2020.08.06;116.1000;116.7300;8117
2020.08.07;116.5100;116.3100;6827
2020.08.10;116.2600;116.7600;7152
2020.08.11;116.6500;116.5100;13842
2020.08.12;117.2600;119.2300;10265
2020.08.13;119.0900;118.0600;8882
2020.08.14;118.5700;117.2000;6551
2020.08.17;118.3800;117.4200;8135
2020.08.18;118.2200;117.9800;14942
2020.08.19;118.5400;118.1500;17262
2020.08.20;117.6500;117.4100;9380
2020.08.21;117.2300;116.0400;11154
2020.08.24;116.9800;117.2600;8019
2020.08.25;117.4000;119.9000;11210
2020.08.26;119.8000;120.4700;11918
2020.08.27;120.6900;119.0500;6701
2020.08.28;119.4000;119.6100;7488
2020.08.31;118.1400;116.8300;8761
2020.09.01;117.6300;118.7500;9484
2020.09.02;119.0400;121.8300;13502
2020.09.03;121.3500;117.1200;16141
2020.09.04;117.1300;117.5200;12997
2020.09.08;113.5900;112.9200;15849
2020.09.09;114.8600;115.5300;10745
2020.09.10;115.8800;114.1500;6759
2020.09.11;115.1500;113.8100;8286
2020.09.14;115.6700;114.6200;6625
2020.09.15;115.4700;116.0700;6533
2020.09.16;116.7600;115.5200;6904
2020.09.17;112.6300;115.6100;7211
2020.09.18;115.3600;114.9400;13737
2020.09.21;112.9800;113.9300;9543
2020.09.22;114.3000;114.6900;6531
2020.09.23;114.7700;112.5700;9926
2020.09.24;111.9700;112.6900;7078
2020.09.25;111.7500;113.4800;5647
2020.09.28;115.3100;116.9600;5374
2020.09.29;115.8400;116.6500;6925
2020.09.30;116.6300;116.6800;8795
2020.10.01;118.7100;119.0100;10818
2020.10.02;116.9900;114.0600;8933
2020.10.05;115.1900;116.5900;12833
2020.10.06;116.4200;115.5400;9445
2020.10.07;117.1300;118.6800;12840
2020.10.08;119.9200;120.3100;16074
2020.10.09;122.0500;123.3700;14198
2020.10.12;124.7800;126.1000;9860
2020.10.13;126.4200;123.5700;8228
2020.10.14;123.5800;122.9100;4818
2020.10.15;121.4900;124.0400;8174
2020.10.16;124.5700;123.5800;8478
2020.10.19;124.6400;122.6000;7162
2020.10.20;123.4800;123.6300;9763
2020.10.21;123.8900;124.7100;13331
2020.10.22;124.5200;124.7500;7059
2020.10.23;125.6500;124.1900;8078
2020.10.26;122.8300;121.1300;5665
2020.10.27;121.0100;120.5000;5044
2020.10.28;116.4700;116.4600;7539
2020.10.29;117.0800;118.4800;7079
2020.10.30;117.1100;117.7600;9599
2020.11.02;120.0000;118.4700;9171
2020.11.03;119.3600;119.7700;7372
2020.11.04;122.4200;125.8900;12053
2020.11.05;127.4000;130.5000;12704
2020.11.06;130.7900;133.4300;13335
2020.11.09;138.5600;135.8000;18158
2020.11.10;135.0100;134.6600;16892
2020.11.11;136.0800;137.3900;8259
2020.11.12;137.3500;135.4100;6910
2020.11.13;136.2900;136.2700;6954
2020.11.16;137.8800;138.0000;10366
2020.11.17;136.9900;135.8200;7494
2020.11.18;135.9800;133.2400;7538
2020.11.19;132.6700;136.2200;6987
2020.11.20;136.4900;134.8200;6355
2020.11.23;135.8400;137.2100;8712
2020.11.24;137.6800;136.8900;16622
2020.11.25;136.6100;135.9500;7168
2020.11.27;137.8900;138.3000;4114
2020.11.30;137.6600;139.1900;7083
2020.12.01;139.6600;140.8800;7783
2020.12.02;140.7000;140.7500;6130
2020.12.03;140.3600;139.8200;4243
2020.12.04;139.8000;143.9400;9634
2020.12.07;144.0800;143.7300;4998
2020.12.08;143.5000;146.1300;7374
2020.12.09;145.2500;141.7900;8743
2020.12.10;140.3200;141.1900;6947
2020.12.11;140.1200;141.1700;9613
2020.12.14;141.8700;142.3300;5115
2020.12.15;144.1800;144.0600;5326
2020.12.16;144.2500;142.7300;4184
2020.12.17;143.4700;143.8400;4300
2020.12.18;144.3100;144.6400;6076
2020.12.21;141.7300;142.6000;3912
2020.12.22;142.7300;144.3700;4312
2020.12.23;144.5600;143.0800;4364
2020.12.24;144.0800;144.4700;1183
2020.12.28;146.4900;144.6700;4036
2020.12.29;145.0800;143.5800;3464
2020.12.30;145.0000;146.2600;3044
2020.12.31;146.3700;147.7500;4835
2021.01.04;148.2100;145.9600;6720
2021.01.05;145.6100;148.6000;4333
2021.01.06;147.6400;149.2600;7623
2021.01.07;151.4200;155.4700;7378
2021.01.08;156.3900;156.7400;13362
2021.01.11;155.9100;158.2900;7499
2021.01.12;157.9900;158.9800;8368
2021.01.13;159.5000;158.4700;7027
2021.01.14;159.4500;159.4100;6316
2021.01.15;157.8800;157.7400;7773
2021.01.19;159.3500;160.5500;8642
2021.01.20;161.4300;159.9100;5656
2021.01.21;160.8800;159.2900;7009
2021.01.22;157.9800;155.5900;10773
2021.01.25;157.0000;153.7300;10142
2021.01.26;153.7900;154.9700;7229
2021.01.27;151.4700;147.5000;15971
2021.01.28;150.9900;149.1600;14505
2021.01.29;149.0000;147.3300;10422
2021.02.01;148.1800;151.9200;9945
2021.02.02;153.0400;151.7900;7943
2021.02.03;151.9800;147.5200;8734
2021.02.04;147.2700;150.5900;5542
2021.02.05;151.5600;148.7600;6942
2021.02.08;150.1400;153.2900;5533
2021.02.09;152.5000;152.9000;4310
2021.02.10;154.1100;153.2200;5545
2021.02.11;154.4100;158.8000;7732
2021.02.12;158.8000;160.7300;6864
2021.02.16;162.9500;160.3700;10227
2021.02.17;157.1900;159.6200;11703
2021.02.18;156.9200;158.3100;11248
2021.02.19;160.6200;163.8100;9822
2021.02.22;161.8200;159.2800;8255
2021.02.23;157.0400;157.6200;9638
2021.02.24;156.0800;161.7600;8415
2021.02.25;158.7300;153.4000;8956
2021.02.26;156.1500;155.6800;7138
2021.03.01;157.1600;158.6600;9594
2021.03.02;159.0400;154.2400;9179
2021.03.03;152.9900;149.7700;8291
2021.03.04;149.2800;144.5200;15452
2021.03.05;149.0100;148.8900;12591
2021.03.08;147.9000;144.0700;10325
2021.03.09;148.6600;149.4300;14593
2021.03.10;151.2100;147.1800;10765
2021.03.11;150.6900;151.1500;12900
2021.03.12;148.3000;149.4400;8073
2021.03.15;149.7500;151.5300;5723
2021.03.16;153.7300;153.5800;5264
2021.03.17;152.0800;154.1600;5687
2021.03.18;152.5500;150.0000;9275
2021.03.19;149.2400;151.9100;7569
2021.03.22;153.8600;154.5000;5518
2021.03.23;152.4000;150.4900;6568
2021.03.24;152.0200;150.4400;5551
2021.03.25;149.0500;149.9000;6922
2021.03.26;152.7400;157.1100;9918
2021.03.29;156.2100;153.8300;8210
2021.03.30;152.0800;152.6000;5664
2021.03.31;153.6100;155.0800;9440
2021.04.01;157.3700;160.3000;9411
2021.04.05;161.9700;163.5700;8083
2021.04.06;162.3400;161.7800;6994
2021.04.07;161.6000;159.4600;6689
2021.04.08;161.6500;162.1600;6734
2021.04.09;160.7700;161.0900;7371
2021.04.12;160.8500;159.8100;5057
2021.04.13;160.7700;159.1600;5759
2021.04.14;158.5100;158.5000;3827
2021.04.15;159.7500;160.8200;4142
2021.04.16;160.5300;159.5300;4506
2021.04.19;158.4800;156.9700;7746
2021.04.20;155.1700;154.4600;7524
2021.04.21;154.9800;158.2900;8570
2021.04.22;157.4600;155.2900;7556
2021.04.23;156.8900;159.0400;8353
2021.04.26;158.6800;160.6400;7680
2021.04.27;161.3500;159.4700;6178
2021.04.28;158.6700;156.1000;9109
2021.04.29;155.7700;158.0400;16217
2021.04.30;155.4600;153.1600;11490
2021.05.03;154.0000;151.2800;9714
2021.05.04;150.0100;151.8900;12771
2021.05.05;153.4000;153.8700;11646
2021.05.06;154.0300;155.4100;14065
2021.05.07;156.4100;157.2600;8696
2021.05.10;156.5000;150.7800;11066
2021.05.11;148.3400;150.8400;13958
2021.05.12;147.9800;146.1100;13390
2021.05.13;147.6400;146.6300;10329
2021.05.14;147.5400;149.6100;13551
2021.05.17;148.9600;148.1000;13979
2021.05.18;149.6700;145.8900;13652
2021.05.19;144.4900;153.1200;25711
2021.05.20;155.2000;159.4600;18745
2021.05.21;159.7400;159.3800;9839
2021.05.24;161.0000;162.4700;7960
2021.05.25;164.1600;163.7200;9767
2021.05.26;163.8600;163.8700;11834
2021.05.27;163.1000;163.2200;7636
2021.05.28;163.7400;164.6400;7812
2021.06.01;163.7600;163.6800;9113
2021.06.02;163.7100;164.4300;5936
2021.06.03;162.2600;162.1100;7440
2021.06.04;163.8100;165.5800;6607
2021.06.07;164.5000;164.5000;5716
2021.06.08;166.5100;164.9300;6835
2021.06.09;165.3300;166.3700;7450
2021.06.10;166.7600;167.3500;7828
2021.06.11;167.2900;167.6500;5615
2021.06.14;167.8000;168.3800;7858
2021.06.15;168.4000;167.6300;5425
2021.06.16;168.6300;166.0200;5760
2021.06.17;166.0200;166.2200;5663
2021.06.18;165.0900;162.1900;8119
2021.06.21;162.9400;164.0600;8291
2021.06.22;163.7400;163.7100;6205
2021.06.23;163.0000;163.6100;4951
2021.06.24;165.7600;167.0400;4969
2021.06.25;167.6900;167.7900;7061
2021.06.28;169.1400;170.6000;6020
2021.06.29;170.3100;171.3200;4284
2021.06.30;171.5700;172.1900;6637
2021.07.01;172.0300;169.2100;7431
2021.07.02;170.3500;170.6900;3754
2021.07.06;171.5800;168.3200;5997
2021.07.07;169.0900;165.4200;13944
2021.07.08;162.6300;163.9600;9372
2021.07.09;163.9600;166.2700;5617
2021.07.12;166.5600;167.5600;4907
2021.07.13;167.2600;167.3100;5318
2021.07.14;168.8000;166.1700;4698
2021.07.15;165.8200;163.6600;7000
2021.07.16;163.8700;160.4300;5001
2021.07.19;158.7500;159.0000;8317
2021.07.20;159.3900;160.8700;8668
2021.07.21;161.1200;164.8200;5095
2021.07.22;162.2600;162.0300;6622
2021.07.23;163.4500;163.5100;5517
2021.07.26;162.5200;163.9300;3724
2021.07.27;162.8400;162.5400;11332
2021.07.28;163.1800;163.9800;9592
2021.07.29;164.6600;166.5300;10056
2021.07.30;165.5900;167.4700;8202
2021.08.02;168.6500;167.5500;7460
2021.08.03;168.5000;168.5800;10154
2021.08.04;168.6000;172.5900;34942
2021.08.05;174.0300;169.9500;11663
2021.08.06;168.8300;171.1600;8231
2021.08.09;171.0500;171.3100;7306
2021.08.10;171.4600;170.9900;5162
2021.08.11;172.0800;170.4500;6392
2021.08.12;169.7600;168.5800;6590
2021.08.13;169.1000;170.1000;6574
2021.08.16;169.7100;171.1000;5627
2021.08.17;170.0700;166.3000;13718
2021.08.18;164.6300;165.6800;19155
2021.08.19;165.3600;166.8400;10457
2021.08.20;166.7800;166.6300;8479
2021.08.23;170.1000;169.5800;34189
2021.08.24;169.8500;165.9000;22686
2021.08.25;165.9200;163.9200;51081
2021.08.26;164.7600;167.3600;21181
2021.08.27;167.2300;166.4900;19231
2021.08.30;166.9700;166.9700;10459
2021.08.31;166.2500;162.9500;16969
2021.09.01;163.9300;161.1000;13902
2021.09.02;162.1600;162.6200;9451
2021.09.03;162.3900;162.4000;7014
2021.09.07;162.6600;163.3200;10398
2021.09.08;163.7100;163.6800;15098
2021.09.09;163.2900;168.8100;24401
2021.09.10;169.6000;170.0000;11083
2021.09.13;171.2800;172.8100;16122
2021.09.14;173.0700;173.4500;13153
2021.09.15;173.9500;174.0700;11574
2021.09.16;172.9400;173.1500;11628
2021.09.17;172.2800;171.5100;15213
2021.09.20;170.3400;169.5000;13109
2021.09.21;170.8200;170.4700;9697
2021.09.22;171.7400;173.8500;9380
2021.09.23;174.4400;177.2400;8551
2021.09.24;176.4400;178.5200;6213
2021.09.27;176.9200;176.9500;8683
2021.09.28;173.9700;171.2900;10106
2021.09.29;170.6200;168.8000;7993
2021.09.30;170.4000;167.4700;8617
2021.10.01;167.8300;167.3700;8630
2021.10.04;166.6600;164.2500;8710
2021.10.05;165.0200;165.4100;6229
2021.10.06;163.4700;166.0800;6028
2021.10.07;167.3300;166.9800;5959
2021.10.08;168.5600;168.6000;9726
2021.10.11;168.5800;167.8600;6070
2021.10.12;168.5500;164.0500;7809
2021.10.13;166.0200;164.3200;10695
2021.10.14;166.7200;168.2200;7414
2021.10.15;170.2400;172.0400;7642
2021.10.18;170.7400;173.3600;6596
2021.10.19;173.6700;176.6700;9625
2021.10.20;176.5100;176.9800;6867
2021.10.21;176.5500;178.8800;6237
2021.10.22;179.0900;178.3900;6577
2021.10.25;178.5900;180.5200;7868
2021.10.26;180.7100;179.8600;6146
2021.10.27;175.0100;170.4700;18287
2021.10.28;172.3600;172.4800;8408
2021.10.29;171.2200;173.4800;7563
2021.11.01;174.4000;174.9900;4501
2021.11.02;176.2500;177.9400;4668
2021.11.03;177.0500;178.8000;4445
2021.11.04;178.9800;181.0000;5818
2021.11.05;184.0000;184.1800;6060
2021.11.08;183.4500;184.4500;5369
2021.11.09;184.2200;184.9700;4978
2021.11.10;182.5200;180.7800;6812
2021.11.11;183.0000;183.1500;4458
2021.11.12;184.0000;184.7600;5033
2021.11.15;185.1800;185.0800;3697
2021.11.16;184.6900;187.6400;4778
2021.11.17;188.1000;187.0700;5500
2021.11.18;188.0900;188.0600;4891
2021.11.19;187.9000;188.8400;7103
2021.11.22;189.8300;185.6500;9423
2021.11.23;185.0100;182.4600;13757
2021.11.24;181.4300;182.4700;8279
2021.11.26;178.7300;179.4200;6188
2021.11.29;180.4100;183.2000;12034
2021.11.30;182.8600;180.1500;7898
2021.12.01;182.2800;180.7000;13050
2021.12.02;180.2100;180.6500;7693
2021.12.03;182.9700;180.9000;5849
2021.12.06;182.3200;181.0300;11447
2021.12.07;183.4800;186.6800;10293
2021.12.08;186.0000;186.2700;6973
2021.12.09;185.2600;183.6500;8223
2021.12.10;186.3200;183.4600;6663
2021.12.13;183.9200;178.5000;7188
2021.12.14;177.2700;176.2600;9962
2021.12.15;177.7200;179.4300;9522
2021.12.16;179.9600;172.6000;10153
2021.12.17;170.5700;169.9700;11373
2021.12.20;166.8400;168.3500;9691
2021.12.21;170.1200;172.0800;8217
2021.12.22;171.6800;172.2900;4959
2021.12.23;172.8500;172.5800;5041
2021.12.27;173.5000;175.4200;5415
2021.12.28;176.5400;174.4200;4047
2021.12.29;174.8000;175.5100;3654
2021.12.30;176.0000;174.7800;3861
2021.12.31;175.0100;175.8400;4686
2022.01.03;175.2700;177.1400;5749
2022.01.04;177.6700;175.5100;11363
2022.01.05;175.3200;172.8500;8093
2022.01.06;173.3400;173.5000;7417
2022.01.07;172.9900;168.8800;18841
2022.01.10;168.1100;170.4400;15026
2022.01.11;169.0700;173.6600;9133
2022.01.12;175.3900;173.7500;5154
2022.01.13;175.6100;169.8300;8819
2022.01.14;168.4100;172.0000;6636
2022.01.18;168.3900;166.5400;9715
2022.01.19;167.0000;163.0400;9311
2022.01.20;163.5900;158.6300;9050
2022.01.21;158.7400;159.5600;13920
2022.01.24;159.3600;161.5900;15567
2022.01.25;157.3900;155.9100;9102
2022.01.26;159.5000;159.7800;17137
2022.01.27;162.7400;154.5900;12565
2022.01.28;154.0900;158.5500;9674
2022.01.31;158.0100;163.9700;9124
2022.02.01;164.1000;165.3700;6165
2022.02.02;165.4500;168.9200;6409
2022.02.03;167.0000;162.0100;7372
2022.02.04;160.1500;160.9400;9992
2022.02.07;161.3500;160.8300;5150
2022.02.08;161.2900;163.1000;5072
2022.02.09;165.2000;168.2400;7944
2022.02.10;163.6400;161.6700;7043
2022.02.11;162.3700;153.8300;13330
2022.02.14;154.9200;153.9900;15334
2022.02.15;157.5100;162.0100;12804
2022.02.16;162.0400;168.3400;16877
2022.02.17;166.2700;160.4200;11618
2022.02.18;160.8600;160.3600;9223
2022.02.22;158.9500;160.8800;11914
2022.02.23;162.0700;156.6200;7663
2022.02.24;154.5900;159.6800;9154
2022.02.25;159.9900;162.1400;7075
2022.02.28;159.6700;160.3400;6807
2022.03.01;159.6700;157.1800;9345
2022.03.02;157.1100;159.7900;5843
2022.03.03;161.5700;159.3400;5885
2022.03.04;157.7700;156.8500;5685
2022.03.07;156.7800;146.2800;13994
2022.03.08;146.2500;148.4800;12174
2022.03.09;152.7100;153.5900;7084
2022.03.10;150.7600;150.6400;6484
2022.03.11;152.6700;147.6600;9268
2022.03.14;146.9600;145.6300;7392
2022.03.15;149.3900;150.9200;6778
2022.03.16;156.1600;159.7900;8331
2022.03.17;156.9900;159.9800;6513
2022.03.18;160.9000;163.4900;12763
2022.03.21;161.8000;164.2200;5970
2022.03.22;165.7900;164.7700;5068
2022.03.23;162.0200;159.1400;7039
2022.03.24;160.7300;164.9600;6927
2022.03.25;164.9900;165.6300;3784
2022.03.28;164.1800;167.4100;6078
2022.03.29;168.7900;170.2400;7507
2022.03.30;168.9300;166.4800;5744
2022.03.31;166.9500;165.1600;7280
2022.04.01;166.5000;165.4300;6903
2022.04.04;165.5400;164.5400;9659
2022.04.05;162.2900;160.0300;18880
2022.04.06;157.4200;160.1800;15484
2022.04.07;159.6000;161.2400;7157
2022.04.08;160.8100;158.7400;8194
2022.04.11;157.8500;154.9200;8673
2022.04.12;157.0600;155.5000;6592
2022.04.13;156.6800;158.1200;4902
2022.04.14;158.3700;156.5000;13774
2022.04.18;156.5000;160.3600;6236
2022.04.19;158.9800;162.3600;6204
2022.04.20;164.4800;161.4700;6453
2022.04.21;162.7100;158.6700;8814
2022.04.22;158.0200;155.2500;4322
2022.04.25;154.4100;158.9300;11286
2022.04.26;156.8600;152.7800;7790
2022.04.27;150.0000;151.7100;8100
2022.04.28;153.9400;160.5000;9427
2022.04.29;158.2900;154.3600;9958
2022.05.02;155.3500;158.2300;5746
2022.05.03;157.6300;158.8700;5040
2022.05.04;158.6100;164.8400;9488
2022.05.05;162.9800;158.2400;7848
2022.05.06;156.7500;156.1200;6761
2022.05.09;154.2000;152.2500;9171
2022.05.10;156.4600;155.2100;6958
2022.05.11;153.4200;151.9800;8195
2022.05.12;151.3800;152.8900;6839
2022.05.13;155.0400;158.7900;12724
2022.05.16;157.2300;157.4500;5416
2022.05.17;160.9300;163.9100;11197
2022.05.18;166.3300;159.9200;13813
2022.05.19;160.9900;160.9800;10396
2022.05.20;163.6000;162.4900;8121
2022.05.23;161.7300;161.5900;5435
2022.05.24;159.9700;161.8500;7937
2022.05.25;160.5600;162.3400;5568
2022.05.26;162.2700;163.9300;8104
2022.05.27;165.4900;167.5200;12587
2022.05.31;166.8000;168.4000;10077
2022.06.01;168.9600;164.7300;7567
2022.06.02;163.6800;169.2400;5371
2022.06.03;166.8300;165.2400;5740
2022.06.06;167.6600;165.2700;5401
2022.06.07;163.6100;166.9500;5483
2022.06.08;165.8600;165.0100;7715
2022.06.09;164.3100;161.6100;7577
2022.06.10;158.3700;156.8800;7036
2022.06.13;153.0000;147.7300;11795
2022.06.14;149.3800;147.2100;7896
2022.06.15;149.2400;150.0800;8161
2022.06.16;146.2700;143.4900;9963
2022.06.17;144.3000;144.6000;9643
2022.06.21;147.2900;148.3500;7958
2022.06.22;146.5100;147.6100;9423
2022.06.23;149.0300;145.5200;8822
2022.06.24;147.5900;149.6900;8690
2022.06.27;151.2300;150.6000;4386
2022.06.28;151.4600;148.5400;6072
2022.06.29;146.8000;147.2800;5838
2022.06.30;145.0800;146.1500;10331
2022.07.01;144.2400;142.8900;7752
2022.07.05;140.0100;143.0500;7348
2022.07.06;143.6900;144.7100;6200
2022.07.07;147.6900;148.5400;6849
2022.07.08;147.2000;149.9500;5136
2022.07.11;148.0900;147.5700;6706
2022.07.12;148.7400;148.0600;3899
2022.07.13;145.7100;149.1900;5823
2022.07.14;148.5800;153.3200;8702
2022.07.15;153.9400;157.9700;7849
2022.07.18;158.8000;155.2500;8382
2022.07.19;156.9000;161.4600;7393
2022.07.20;159.5000;163.1000;7105
2022.07.21;164.2200;165.2000;8344
2022.07.22;165.4000;163.3900;7764
2022.07.25;163.2400;163.0600;8171
2022.07.26;163.6500;161.7800;7033
2022.07.27;163.2000;168.3200;12364
2022.07.28;169.0000;169.6500;10739
2022.07.29;168.5000;172.0600;16073
2022.08.01;170.6100;171.5000;6152
2022.08.02;170.2800;170.7600;5586
2022.08.03;170.9800;176.3700;6154
2022.08.04;176.4900;176.9600;4923
2022.08.05;174.9300;177.2500;5593
2022.08.08;176.0500;175.9000;5322
2022.08.09;173.5000;170.3700;10187
2022.08.10;173.7200;175.0800;6715
2022.08.11;176.0200;174.5300;6298
2022.08.12;175.4100;179.2700;7826
2022.08.15;178.4000;179.8900;6974
2022.08.16;179.3200;179.0600;8853
2022.08.17;173.9700;170.1200;18685
2022.08.18;167.6600;170.2000;11813
2022.08.19;168.4300;168.0000;7458
2022.08.22;165.2800;163.8500;6869
2022.08.23;163.8400;164.4000;4598
2022.08.24;163.6500;163.6400;6712
2022.08.25;164.2200;167.0500;7760
2022.08.26;166.8900;158.6400;7715
2022.08.29;156.8500;155.1800;10064
2022.08.30;156.0200;152.7300;8126
2022.08.31;153.5300;151.5300;6069
2022.09.01;149.0100;150.7100;9008
2022.09.02;151.3800;148.6400;6100
2022.09.06;148.7900;148.2300;5391
2022.09.07;149.5800;150.7100;5519
2022.09.08;149.7300;152.1700;5796
2022.09.09;152.5000;154.1500;4589
2022.09.12;155.4400;155.6600;5750
2022.09.13;150.9800;148.2600;7021
2022.09.14;149.5200;150.2600;5246
2022.09.15;149.8300;147.8700;6988
2022.09.16;146.7300;149.3300;7982
2022.09.19;147.8400;149.6100;6451
2022.09.20;148.4600;149.7700;6987
2022.09.21;149.4900;148.4000;9972
2022.09.22;148.0000;145.3300;8674
2022.09.23;144.0900;141.9700;12530
2022.09.26;142.6700;140.8200;10761
2022.09.27;142.9900;141.8800;7217
2022.09.28;140.8000;144.5900;8088
2022.09.29;142.9900;141.9900;8092
2022.09.30;140.7400;139.3500;8870
2022.10.03;141.1900;145.1400;15494
2022.10.04;148.0100;150.9400;10710
2022.10.05;149.2100;151.8700;9248
2022.10.06;151.2800;150.9400;6375
2022.10.07;147.6900;144.9700;10527
2022.10.10;145.1500;140.8700;10013
2022.10.11;139.7300;138.8100;11969
2022.10.12;139.1200;138.5800;7671
2022.10.13;134.7000;142.7600;14746
2022.10.14;144.4300;136.7200;13452
2022.10.17;139.9800;139.1200;12328
2022.10.18;144.1400;141.1800;10818
2022.10.19;140.7600;141.3600;7409
2022.10.20;142.9100;142.0600;9307
2022.10.21;142.3800;146.6100;10718
2022.10.24;144.7600;144.5400;8931
2022.10.25;145.0600;146.4000;10889
2022.10.26;142.7500;141.3800;21821
2022.10.27;142.3100;140.7200;14437
2022.10.28;141.5000;144.8600;8440
2022.10.31;141.7800;142.6200;6074
2022.11.01;144.5300;144.7000;6603
2022.11.02;145.7100;141.1900;7223
2022.11.03;139.8400;138.0200;10587
2022.11.04;144.8400;144.2900;7484
2022.11.07;145.8400;148.9900;9259
2022.11.08;151.1500;151.0400;17188
2022.11.09;149.0200;148.2400;10986
2022.11.10;155.9100;160.3600;13362
2022.11.11;160.1900;163.9900;7950
2022.11.14;163.0000;161.2300;10840
2022.11.15;167.3400;165.2100;11281
2022.11.16;162.0800;161.2700;10208
2022.11.17;158.3200;161.4900;8363
2022.11.18;163.3100;161.8500;9295
2022.11.21;161.3400;159.2400;20550
2022.11.22;165.5700;168.4100;15573
2022.11.23;169.3500;169.3300;12345
2022.11.25;168.9900;167.0900;3415
2022.11.28;165.1900;164.0200;10257
2022.11.29;164.7600;163.8900;8002
2022.11.30;164.5600;171.8700;10707
2022.12.01;173.0900;171.4700;7940
2022.12.02;167.4300;168.6400;8582
2022.12.05;167.9800;167.9100;6044
2022.12.06;167.8000;166.4600;11597
2022.12.07;166.3700;166.0500;4488
2022.12.08;166.2500;169.6600;7287
2022.12.09;169.1500;168.6800;5895
2022.12.12;168.7500;172.2900;7721
2022.12.13;178.0900;175.4700;11768
2022.12.14;175.8600;171.5800;7211
2022.12.15;169.4800;166.1100;7982
2022.12.16;165.1800;166.8500;9248
2022.12.19;167.1800;165.1400;6184
2022.12.20;163.9900;164.3000;5219
2022.12.21;165.4900;167.4000;5058
2022.12.22;164.8200;163.7800;5909
2022.12.23;162.7000;163.8300;3537
2022.12.27;163.5600;162.1900;4061
2022.12.28;161.5800;160.2700;3320
2022.12.29;162.5400;163.9500;4447
2022.12.30;162.3600;164.0700;3622
2023.01.03;165.5300;162.4600;6402
2023.01.04;165.5900;165.9900;6268
2023.01.05;163.9600;159.6900;12699
2023.01.06;162.0700;165.5500;8276
2023.01.09;167.3200;167.1200;11346
2023.01.10;166.9600;169.2000;7234
2023.01.11;168.0000;169.8400;8826
2023.01.12;170.0100;168.6600;6534
2023.01.13;167.1500;168.9600;5170
2023.01.17;168.2000;167.1200;8725
2023.01.18;168.3900;165.9900;7150
2023.01.19;165.3000;163.0500;6875
2023.01.20;163.7900;165.2000;9109
2023.01.23;166.4000;169.6000;8658
2023.01.24;168.3600;168.8700;8564
2023.01.25;166.6300;168.5000;8950
2023.01.26;169.8500;170.7300;10855
2023.01.27;169.0600;170.8500;6737
2023.01.30;168.7100;168.9700;8815
2023.01.31;169.2400;171.4700;7443
2023.02.01;171.2100;176.6300;10261
2023.02.02;177.8300;179.3200;12274
2023.02.03;176.6000;178.8200;10846
2023.02.06;176.6000;177.5900;7477
2023.02.07;178.3300;180.9500;8969
2023.02.08;178.3900;177.8500;9279
2023.02.09;180.9900;178.5300;8488
2023.02.10;177.2800;178.4700;9814
2023.02.13;179.2000;180.5200;10204
2023.02.14;178.9600;182.4100;10929
2023.02.15;194.3400;196.2800;22937
2023.02.16;194.5300;193.8700;13483
2023.02.17;192.7200;192.7300;10805
2023.02.21;191.0700;185.9700;11554
2023.02.22;186.0800;183.7800;10699
2023.02.23;187.0000;185.6500;11023
2023.02.24;184.3600;182.9200;9989
2023.02.27;185.3800;183.1700;7399
2023.02.28;183.0500;183.4000;7524
2023.03.01;184.1400;183.1500;8380
2023.03.02;181.5100;184.6200;8920
2023.03.03;185.6600;186.3000;6897
2023.03.06;187.2000;185.5500;6546
2023.03.07;186.0400;184.9700;6334
2023.03.08;186.7800;186.5700;8611
2023.03.09;187.0500;183.5100;8992
2023.03.10;184.8600;181.7800;9177
2023.03.13;180.5500;182.5500;6268
2023.03.14;186.9600;186.5800;8100
2023.03.15;183.0300;182.9300;8880
2023.03.16;182.4500;186.6300;8804
2023.03.17;185.9700;185.5000;8060
2023.03.20;186.2500;187.0600;5881
2023.03.21;188.5500;188.4000;7418
2023.03.22;190.0600;186.6100;8600
2023.03.23;190.0300;189.4500;6077
2023.03.24;188.1700;187.7200;7317
2023.03.27;188.5600;184.7600;9683
2023.03.28;183.9500;183.7000;6608
2023.03.29;186.3100;189.1800;7990
2023.03.30;191.2500;194.1800;12562
2023.03.31;193.5200;197.2500;9372
2023.04.03;196.2500;196.2900;9255
2023.04.04;197.3500;195.1200;10563
2023.04.05;194.3600;190.3800;8862
2023.04.06;188.6500;187.1600;7986
2023.04.10;185.6300;190.9800;7176
2023.04.11;192.3300;189.4500;5449
2023.04.12;190.6900;187.3100;5391
2023.04.13;187.0700;189.0800;4849
2023.04.14;188.3500;188.4600;5300
2023.04.17;187.4400;189.5800;6094
2023.04.18;190.7500;189.6000;5299
2023.04.19;187.8700;188.5000;4658
2023.04.20;186.3900;187.0400;7921
2023.04.21;186.1300;186.3700;5897
2023.04.24;186.2700;186.9800;4854
2023.04.25;186.1300;181.1300;8908
2023.04.26;181.1100;180.6600;9584
2023.04.27;178.5300;177.5600;16983
2023.04.28;177.5500;179.9200;9411
2023.05.01;180.7100;182.5200;7435
2023.05.02;184.3100;183.6700;8794
2023.05.03;183.8600;182.4000;5068
2023.05.04;181.9900;181.3200;7182
2023.05.05;180.7800;183.4100;10680
2023.05.08;183.8200;184.5200;5122
2023.05.09;182.5300;179.5500;9736
2023.05.10;181.6800;181.4800;8425
2023.05.11;180.6000;180.5900;6444
2023.05.12;181.4400;180.5900;3934
2023.05.15;180.8800;184.4300;6302
2023.05.16;183.8600;182.8000;6734
2023.05.17;184.0800;187.9500;7462
2023.05.18;189.0000;192.2500;8696
2023.05.19;192.2600;190.5300;9405
2023.05.22;189.8400;191.3500;8553
2023.05.23;189.3800;187.9100;11481
2023.05.24;172.0600;173.2000;32397
2023.05.25;166.5100;172.3900;29488
2023.05.26;172.4200;176.5500;18060
2023.05.30;178.1200;177.4900;12802
2023.05.31;175.1300;177.7400;14430
2023.06.01;179.2800;180.4300;10001
2023.06.02;180.7300;179.8800;9687
2023.06.05;179.3500;175.0000;8852
2023.06.06;174.0900;177.9700;8940
2023.06.07;178.5500;180.4200;10663
2023.06.08;181.5700;181.7300;6785
2023.06.09;183.4900;182.4800;8974
2023.06.12;184.9600;187.6600;10087
2023.06.13;190.0000;192.3900;10420
2023.06.14;192.4700;191.9600;10399
2023.06.15;190.4900;189.6600;8219
2023.06.16;190.4900;188.3600;7950
2023.06.20;187.0900;187.9800;6197
2023.06.21;185.8400;185.4500;8251
2023.06.22;183.8500;186.1100;9688
2023.06.23;184.1000;185.9400;9491
2023.06.26;187.5000;186.3300;9759
2023.06.27;186.8300;192.4000;9404
2023.06.28;189.9300;189.9500;8027
2023.06.29;189.7900;189.4800;7043
2023.06.30;191.0700;194.8000;8045
2023.07.03;194.0500;194.3300;4112
2023.07.05;192.6100;190.0100;6781
2023.07.06;186.7200;186.2100;9011
2023.07.07;186.4300;185.3200;7666
2023.07.10;186.0100;191.0600;9152
2023.07.11;191.7900;190.9300;5434
2023.07.12;193.5900;195.4400;7404
2023.07.13;196.6600;198.2300;9350
2023.07.14;197.3200;192.0300;7748
2023.07.17;190.9200;196.3800;9368
2023.07.18;194.9300;196.4400;8084
2023.07.19;197.2400;195.7500;5295
2023.07.20;191.6100;189.6300;10657
2023.07.21;191.3100;191.8900;10215
2023.07.24;191.1500;192.4200;6711
2023.07.25;193.4400;195.6600;7515
2023.07.26;191.6700;191.5900;7959
2023.07.27;195.0700;195.4400;10177
2023.07.28;198.2000;198.3800;7065
2023.07.31;198.7400;199.5700;5446
2023.08.01;197.3300;199.5000;5385
2023.08.02;198.1600;192.4800;7775
2023.08.03;190.0600;191.4800;9517
2023.08.04;189.0100;188.4000;11787
2023.08.07;190.8300;190.1300;6507
2023.08.08;187.1800;186.6200;8079
2023.08.09;186.3900;184.8300;6460
2023.08.10;186.8400;184.6400;6856
2023.08.11;183.0000;183.2100;6889
2023.08.14;183.1800;185.4300;6050
2023.08.15;183.0600;181.3000;5575
2023.08.16;180.5300;177.1500;13393
2023.08.17;177.7400;175.4400;7562
2023.08.18;173.8200;175.6900;8324
2023.08.21;176.2200;177.1900;10368
2023.08.22;179.0200;176.7100;14378
2023.08.23;169.4500;177.5000;23359
2023.08.24;176.6000;173.6700;20585
2023.08.25;173.6200;178.1700;12591
2023.08.28;179.7700;180.3500;7969
2023.08.29;179.0500;182.5900;9622
2023.08.30;181.6100;181.5900;9064
2023.08.31;181.5800;181.7500;6494
2023.09.01;182.4300;182.4100;5497
2023.09.05;181.5100;181.5700;7226
2023.09.06;181.2900;182.1900;7217
2023.09.07;179.4500;178.5400;11358
2023.09.08;178.1900;177.5200;8799
2023.09.11;179.7100;177.6900;9166
2023.09.12;176.4000;175.1100;8190
2023.09.13;175.6800;176.1600;6691
2023.09.14;178.0800;179.7200;10196
2023.09.15;179.3300;178.1400;11362
2023.09.18;178.2700;179.7800;8386
2023.09.19;178.9800;178.8200;6688
2023.09.20;179.0200;176.0800;5895
2023.09.21;175.4800;173.8000;7976
2023.09.22;175.3000;175.5700;6724
2023.09.25;174.4000;175.4500;6345
2023.09.26;173.6100;172.3300;9230
2023.09.27;173.0800;172.8400;5529
2023.09.28;172.8700;176.4100;7137
2023.09.29;177.8500;175.0900;8232
2023.10.02;175.0000;175.4900;4237
2023.10.03;173.9000;171.5400;7010
2023.10.04;172.4200;173.7400;8406
2023.10.05;174.2100;172.0300;5702
2023.10.06;170.8900;173.9600;8081
2023.10.09;172.8000;173.3100;6230
2023.10.10;173.3600;175.9700;8786
2023.10.11;176.7300;174.8800;6428
2023.10.12;175.5400;173.5700;6933
2023.10.13;174.1800;171.0100;6123
2023.10.16;171.7300;172.8400;6440
2023.10.17;169.7100;172.6200;4419
2023.10.18;170.4500;171.3300;10203
2023.10.19;173.1500;168.7200;10541
2023.10.20;169.1100;166.5200;7974
2023.10.23;165.7800;163.8800;6721
2023.10.24;164.4700;164.9100;8479
2023.10.25;162.0000;159.7900;12549
2023.10.26;160.9600;160.7900;10373
2023.10.27;161.9800;160.6000;5401
2023.10.30;156.4900;155.0000;10189
2023.10.31;156.4000;156.4900;7205
2023.11.01;157.0200;159.2400;10025
2023.11.02;163.5700;164.3400;8041
2023.11.03;167.4200;167.9200;6836
2023.11.06;167.4400;167.5800;4920
2023.11.07;167.3100;168.2100;5774
2023.11.08;168.4600;168.9200;10046
2023.11.09;169.6300;167.1200;8515
2023.11.10;169.6500;172.3300;7535
2023.11.13;170.4000;170.6600;7606
2023.11.14;174.9300;177.5900;7855
2023.11.15;179.1300;180.8400;9264
2023.11.16;181.3300;179.8500;6430
2023.11.17;183.0000;183.0500;8688
2023.11.20;182.4400;183.8300;11061
2023.11.21;182.8600;181.2200;16513
2023.11.22;182.1600;182.7000;8452
2023.11.24;182.8600;183.0500;3224
2023.11.27;182.6100;183.7200;9409
2023.11.28;183.3700;183.2400;5640
2023.11.29;185.0200;182.7300;7653
2023.11.30;183.2000;183.3800;7190
2023.12.01;182.7500;183.1200;5479
2023.12.04;182.0300;183.2300;7503
2023.12.05;182.3600;180.6700;7169
2023.12.06;183.0000;180.5500;7013
2023.12.07;182.1100;184.4000;10827
2023.12.08;183.8400;184.8700;6509
2023.12.11;185.7200;190.1300;8377
2023.12.12;190.1400;191.0400;7086
2023.12.13;191.1500;192.2800;7449
2023.12.14;193.2800;200.1600;14129
2023.12.15;201.9400;200.8700;11084
2023.12.18;200.8600;196.5600;7359
2023.12.19;197.9600;197.8000;4516
2023.12.20;196.4200;192.2200;8432
2023.12.21;195.4000;196.2900;7328
2023.12.22;197.6000;197.1600;4914
2023.12.26;197.6200;198.8600;3743
2023.12.27;198.8500;199.3600;3413
2023.12.28;200.6900;200.3000;5435
2023.12.29;199.9800;198.5800;2853
2024.01.02;197.0700;193.5900;7441
2024.01.03;191.1000;188.9700;7185
2024.01.04;181.8100;186.0400;9009
2024.01.05;186.3100;186.5400;6595
2024.01.08;187.2000;188.9800;4829
2024.01.09;186.4400;189.7700;10246
2024.01.10;189.2800;188.3900;10013
2024.01.11;188.0800;188.9700;8210
2024.01.12;188.9600;188.4000;2740
2024.01.16;188.1100;187.7800;5875
2024.01.17;184.6800;185.4100;6573
2024.01.18;190.4000;189.9400;9587
2024.01.19;191.7300;194.8400;11061
2024.01.22;195.7700;197.3500;7857
2024.01.23;197.2900;201.3700;12364
2024.01.24;200.1400;198.2800;11153
2024.01.25;201.3400;197.2700;7338
2024.01.26;195.3200;193.9400;6007
2024.01.29;193.9800;197.2200;7041
2024.01.30;195.9800;194.7400;6707
2024.01.31;193.5300;192.3100;7424
2024.02.01;191.9500;192.0100;7912
2024.02.02;190.7100;192.1000;7076
2024.02.05;192.8700;192.5900;8875
2024.02.06;193.2100;189.7600;9931
2024.02.07;191.6600;192.0100;8330
2024.02.08;192.9900;194.0600;6699
2024.02.09;195.1700;195.0300;9215
2024.02.12;194.6900;194.0600;16918
2024.02.13;188.9500;184.8000;18912
2024.02.14;186.0400;186.3100;9447
2024.02.15;187.7800;187.6300;6502
2024.02.16;187.7800;188.2800;12025
2024.02.20;187.2400;189.4700;12221
2024.02.21;190.3200;193.7700;17741
2024.02.22;197.1900;191.8500;12852
2024.02.23;193.0500;190.0400;8853
2024.02.26;191.4900;188.9900;8710
2024.02.27;189.8000;189.0200;5452
2024.02.28;187.2000;187.7900;4881
2024.02.29;190.1000;191.7200;4937
2024.03.01;192.2900;196.1500;6918
2024.03.04;195.8300;194.6900;8989
2024.03.05;193.1500;189.9000;7739
2024.03.06;191.2900;191.7300;10623
2024.03.07;193.9700;198.1900;10617
2024.03.08;198.7600;195.9300;9064
2024.03.11;196.9700;198.2100;5156
2024.03.12;198.3400;199.3500;5922
2024.03.13;198.6900;198.6000;6697
2024.03.14;196.9200;194.4300;8100
2024.03.15;190.6100;195.3000;10233
2024.03.18;196.2400;191.2200;4911
2024.03.19;188.4900;190.5400;4444
2024.03.20;191.0400;194.3200;5460
2024.03.21;197.3700;195.1500;5980
2024.03.22;193.7100;193.5100;3162
2024.03.25;191.2200;190.0000;3659
2024.03.26;190.5500;188.9600;4228
2024.03.27;190.2200;193.3300;5231
2024.03.28;197.2800;197.7900;5225
2024.04.01;196.2700;196.5700;5368
2024.04.02;195.3300;194.8600;5307
2024.04.03;192.6800;195.4400;5065
2024.04.04;198.2700;191.8300;6366
2024.04.05;192.3000;194.7500;4750
2024.04.08;194.7200;196.7100;5209
2024.04.09;198.0000;204.1600;12869
2024.04.10;200.1000;196.3300;9898
2024.04.11;197.7700;198.6100;7779
2024.04.12;195.6000;192.2900;6736
2024.04.15;194.9400;190.3000;5572
2024.04.16;192.1800;191.2200;4796
2024.04.17;192.0500;189.4300;5825
2024.04.18;188.0200;187.5800;5830
2024.04.19;187.0900;183.3200;7977
2024.04.22;184.4500;186.3200;6327
2024.04.23;186.8000;189.9400;10116
2024.04.24;199.6000;196.5400;14039
2024.04.25;197.8900;198.0000;6403
2024.04.26;196.6200;202.0200;6225
2024.04.29;200.7800;203.9200;5092
2024.04.30;203.4400;200.6600;4507
2024.05.01;197.5000;193.9100;6491
2024.05.02;196.1000;196.5500;5672
2024.05.03;199.0000;199.6000;4679
2024.05.06;200.1700;203.3800;3931
2024.05.07;204.5200;203.5300;8545
2024.05.08;202.1900;204.8400;6350
2024.05.09;204.5100;204.7500;6596
2024.05.10;206.1200;207.2600;6016
2024.05.13;208.6600;208.3800;4496
2024.05.14;207.8700;211.9300;5355
2024.05.15;214.4300;215.7800;8096
2024.05.16;216.0000;214.1200;5192
2024.05.17;214.3700;214.1600;5582
2024.05.20;214.7900;217.4700;5599
2024.05.21;214.9300;216.5700;7817
2024.05.22;227.0300;240.2000;20696
2024.05.23;240.8800;234.6300;11531
2024.05.24;236.7700;232.4900;9169
2024.05.28;230.9500;233.4200;5945
2024.05.29;229.3300;228.1900;5900
2024.05.30;228.7500;229.9600;5351
2024.05.31;230.1100;234.5900;9950
2024.06.03;235.5400;232.1600;7030
2024.06.04;231.6900;230.6100;6377
2024.06.05;232.3500;235.7400;9927
2024.06.06;234.2600;237.3700;6347
2024.06.07;236.2500;234.8300;3896
2024.06.10;231.6500;235.3900;5055
2024.06.11;233.5600;236.3200;5507
2024.06.12;239.0000;238.4000;4896
2024.06.13;232.8700;233.9500;5511
2024.06.14;230.0000;231.2400;4663
2024.06.17;230.6900;232.3000;5295
2024.06.18;231.4500;235.4300;5674
2024.06.20;232.2500;229.3400;9812
2024.06.21;231.6600;230.9300;5981
2024.06.24;230.5500;228.4200;3503
2024.06.25;231.1200;230.4600;3072
2024.06.26;229.9600;227.7700;4974
2024.06.27;226.6800;226.6200;4424
2024.06.28;227.6800;228.2100;5640
2024.07.01;226.5200;225.1600;6125
2024.07.02;225.0000;228.2200;5173
2024.07.03;228.1900;230.0200;2527
2024.07.05;230.8100;230.8700;3110
2024.07.08;232.1500;233.3400;3528
2024.07.09;233.8600;232.0000;3466
2024.07.10;234.7600;238.3800;7406
2024.07.11;238.4500;233.6700;5627
2024.07.12;238.4400;238.5600;6621
2024.07.15;237.8000;237.7900;5513
2024.07.16;238.4200;243.3900;4653
2024.07.17;240.6300;235.5500;8352
2024.07.18;237.0000;239.0900;8314
2024.07.19;239.7500;231.2300;5068
2024.07.22;236.0000;239.9800;5249
2024.07.23;234.1000;230.3300;9645
2024.07.24;230.6800;224.4700;10851
2024.07.25;221.6300;220.9500;12611
2024.07.26;224.7500;226.4900;11079
2024.07.29;229.1100;227.3700;5042
2024.07.30;228.8500;224.6200;9294
2024.07.31;229.8100;231.3900;7412
2024.08.01;228.0500;218.9000;11189
2024.08.02;212.5500;208.1000;15633
2024.08.05;205.9700;200.5700;13049
2024.08.06;201.7200;204.7700;12564
2024.08.07;210.9900;201.1700;10197
2024.08.08;206.1800;213.6800;10249
2024.08.09;210.1700;211.3400;4943
2024.08.12;212.2300;212.0900;4576
2024.08.13;213.4000;218.0600;8070
2024.08.14;216.6600;215.3100;5501
2024.08.15;220.5400;223.6900;8701
2024.08.16;223.0700;223.2400;5578
2024.08.19;222.4300;225.9900;7895
2024.08.20;225.0000;223.4300;9360
2024.08.21;229.5200;227.4800;16866
2024.08.22;225.6800;221.9500;6605
2024.08.23;226.2800;228.5800;6415
2024.08.26;227.5100;225.6200;6764
2024.08.27;224.9700;231.9300;8681
2024.08.28;231.2600;227.1000;6804
2024.08.29;229.7400;230.8800;6830
2024.08.30;235.3000;234.8800;5367
2024.09.03;228.7000;218.7900;9298
2024.09.04;219.9700;221.7900;6852
2024.09.05;220.0700;219.1000;6135
2024.09.06;218.0900;213.6800;6358
2024.09.09;216.9300;218.5600;5792
2024.09.10;217.5000;218.7200;4822
2024.09.11;218.8100;225.1300;7215
2024.09.12;223.4500;221.5100;5018
2024.09.13;223.1000;225.4000;4125
2024.09.16;222.3900;223.2900;4179
2024.09.17;227.4400;225.3900;5591
2024.09.18;226.4100;222.7100;6637
2024.09.19;229.4700;233.5100;15957
2024.09.20;231.4900;226.8400;7232
2024.09.23;224.7800;225.9900;3792
2024.09.24;227.7800;227.3400;4335
2024.09.25;224.5000;226.6500;4497
2024.09.26;232.6200;232.4500;6186
2024.09.27;234.0200;232.0700;4523
2024.09.30;228.5500;230.2700;6709
2024.10.01;228.5100;223.6500;5228
2024.10.02;225.2800;227.8100;4080
2024.10.03;224.8100;226.6000;3802
2024.10.04;232.2700;228.2300;3406
2024.10.07;225.6600;226.6300;3400
2024.10.08;226.7400;229.3300;5669
2024.10.09;229.3900;233.3300;4442
2024.10.10;229.5700;230.6800;3326
2024.10.11;228.8600;232.8600;2986
2024.10.14;233.5000;236.4700;3378
2024.10.15;235.5700;225.8700;8892
2024.10.16;228.8700;227.5400;3795
2024.10.17;232.5200;227.2700;5269
2024.10.18;227.7200;228.3500;4426
2024.10.21;226.3200;225.7200;7037
2024.10.22;224.7800;224.6000;5248
2024.10.23;227.7400;226.8100;4859
2024.10.24;228.9500;229.7300;5560
2024.10.25;231.6200;230.1200;3861
2024.10.28;231.7300;230.1400;4037
2024.10.29;231.8000;234.8900;3251
2024.10.30;232.3600;230.8700;3743
2024.10.31;223.8000;223.1100;5001
2024.11.01;226.4800;225.4800;4392
2024.11.04;224.9000;224.2100;3478
2024.11.05;219.2400;217.6600;11543
2024.11.06;222.7400;226.2000;8248
2024.11.07;229.2300;227.8000;5567
2024.11.08;226.6600;225.8500;5306
2024.11.11;225.0100;220.5400;7716
2024.11.12;220.4500;219.5700;5540
2024.11.13;217.6800;212.7800;13273
2024.11.14;213.4400;212.2200;9229
2024.11.15;207.6600;206.4500;9566
2024.11.18;206.4200;209.6100;8180
2024.11.19;207.7200;210.4000;5861
2024.11.20;208.1400;211.0300;7257
2024.11.21;212.3900;213.9200;6203
2024.11.22;211.8000;214.5800;5306
2024.11.25;217.8900;223.5900;16744
2024.11.26;232.1700;219.1300;20886
2024.11.27;217.7300;217.2500;6691
2024.11.29;218.7600;217.0000;4702
2024.12.02;218.1300;223.1100;6959
2024.12.03;221.5400;221.5400;5830
2024.12.04;223.1100;218.3100;4824
2024.12.05;217.1400;214.5600;5594
2024.12.06;214.5500;218.2200;6663
2024.12.09;216.2200;219.1300;5988
2024.12.10;218.7700;215.6100;3629
2024.12.11;216.0300;217.0300;5845
2024.12.12;215.3500;217.7600;4986
2024.12.13;215.2300;216.6200;4955
2024.12.16;214.9200;216.2100;6511
2024.12.17;216.0400;213.7600;7005
2024.12.18;214.7100;207.7000;6686
2024.12.19;209.2900;207.6500;6393
2024.12.20;206.2900;211.7800;6904
2024.12.23;212.0700;214.9000;5522
2024.12.24;215.8100;218.3500;2511
2024.12.26;216.2100;218.0700;2256
2024.12.27;217.4700;216.8600;2778
2024.12.30;214.6300;212.5500;4294
2024.12.31;213.5700;212.4700;3143
2025.01.02;215.4900;211.3500;4284
2025.01.03;212.3200;215.4500;4903
2025.01.06;215.3400;218.0200;5311
2025.01.07;219.9100;215.8600;9439
2025.01.08;215.4000;220.4700;7739
2025.01.10;218.7800;212.3800;8986
2025.01.13;209.4800;212.9600;5828
2025.01.14;213.4600;214.7000;4181
2025.01.15;217.4600;218.1000;6810
2025.01.16;218.3100;215.0000;8397
2025.01.17;220.0600;219.2500;4666
2025.01.21;219.3300;221.5500;5483
2025.01.22;221.5700;223.9900;6679
2025.01.23;221.8300;228.3700;6604
2025.01.24;224.2900;217.3900;9401
2025.01.27;217.0300;215.5100;16115
2025.01.28;213.9100;209.4500;9712
2025.01.29;209.5900;209.9500;6262
2025.01.30;210.7500;212.3900;7257
2025.01.31;212.1700;211.8900;9533
2025.02.03;209.2700;205.2800;13342
2025.02.04;204.6200;206.0100;14423
2025.02.05;205.3500;209.8700;13350
2025.02.06;208.7300;207.8700;7445
2025.02.07;207.5100;205.2000;9780
2025.02.10;206.7500;204.8500;7646
2025.02.11;203.5700;203.4200;5915
2025.02.12;201.0100;205.1000;6122
2025.02.13;205.1300;209.3200;8674
2025.02.14;211.3400;214.6300;12690
2025.02.18;217.4900;220.1300;23675
2025.02.19;229.8400;241.6600;27160
2025.02.20;243.5500;243.8000;15402
2025.02.21;244.9300;238.9300;12886
2025.02.24;240.2800;236.9700;11272
2025.02.25;238.1600;235.3900;7692
2025.02.26;235.0400;233.7200;7770
2025.02.27;234.2300;223.7300;11044
2025.02.28;226.3300;230.0600;8215
2025.03.03;232.7600;228.5700;12885
2025.03.04;230.2800;226.2600;10848
2025.03.05;227.1800;229.5500;9696
2025.03.06;225.5000;222.7500;9740
2025.03.07;222.3200;225.8500;9657
2025.03.10;218.0500;216.2600;10866
2025.03.11;210.2100;208.4800;9672
2025.03.12;210.4300;206.6200;7335
2025.03.13;207.4100;203.8000;6027
2025.03.14;206.9300;208.7500;4623
2025.03.17;208.3300;211.6800;4139
2025.03.18;209.6000;209.1600;5252
2025.03.19;209.5200;209.9700;4747
2025.03.20;207.0800;205.9000;5146
2025.03.21;203.5000;204.4000;5705
2025.03.24;213.2300;212.3400;4733
2025.03.25;213.6600;213.5800;4778
2025.03.26;213.1300;210.5300;4746
2025.03.27;209.9700;208.6900;4280
2025.03.28;204.9800;208.9400;6171
2025.03.31;200.5000;201.6300;7353
2025.04.01;200.4100;199.1700;9236
2025.04.02;195.8100;199.5500;6648
2025.04.03;191.5300;180.8700;16509
2025.04.04;174.6100;164.5200;23702
2025.04.07;163.2000;171.3700;26882
2025.04.08;175.1400;166.2400;18308
2025.04.09;166.0500;196.5600;29989
2025.04.10;187.2700;178.3900;18551
2025.04.11;172.2000;179.1200;21584
2025.04.14;183.2600;178.5300;12455
2025.04.15;178.0800;179.4300;9580
2025.04.16;173.3500;176.0000;9456
2025.04.17;177.8900;176.2800;9732
2025.04.21;173.4000;175.0100;8374
2025.04.22;176.5500;178.4300;9490
2025.04.23;186.1000;183.0200;10495
2025.04.24;191.8000;195.2100;14279
2025.04.25;193.3000;194.5300;8897
2025.04.28;193.4400;193.6100;6695
2025.04.29;192.3100;192.5900;9080
2025.04.30;186.7300;194.9000;7961
2025.05.01;197.1700;193.6400;7646
2025.05.02;198.3000;198.5900;8851
2025.05.05;196.1600;197.7200;4285
2025.05.06;194.8900;195.4900;4608
2025.05.07;196.6200;199.9000;5456
2025.05.08;202.2600;202.8000;6672
2025.05.09;207.2400;207.5200;10056
2025.05.12;222.9500;223.1600;13758
2025.05.13;220.2500;226.6400;9645
2025.05.14;227.6400;226.8200;12249
2025.05.15;224.4300;227.1500;8468
2025.05.16;227.1600;227.0800;7456
2025.05.20;222.3600;224.4900;5834
2025.05.22;221.4600;211.9300;24314
2025.05.23;208.9800;210.4700;10933
2025.05.27;215.1500;216.2600;7584
2025.05.28;217.2100;215.6200;9610
2025.05.29;218.3700;215.7500;10659
2025.05.30;215.2800;213.9800;9204
2025.06.02;212.7100;215.4500;5165
2025.06.03;214.0300;218.4300;9105
2025.06.04;219.8300;218.5000;9518
2025.06.05;219.8000;218.0400;7223
2025.06.06;221.6500;222.2600;7185
2025.06.09;223.4400;227.6600;8369
2025.06.10;228.2700;233.3400;11505
2025.06.11;234.0900;232.5400;7516
2025.06.12;231.5300;232.1200;5511
2025.06.13;227.5600;225.0300;7825
2025.06.16;227.7700;231.8000;6172
2025.06.17;229.2100;227.4400;5818
2025.06.18;230.4400;229.6500;6069
2025.06.20;232.0200;228.3500;7130
2025.06.23;228.5400;230.9800;5883
2025.06.24;233.9100;234.9800;7266
2025.06.25;235.6000;234.6800;9055
2025.06.26;236.0300;237.3000;7650
2025.06.27;237.0000;236.9600;6057
2025.06.30;237.5400;238.0200;6399
2025.07.01;236.5400;240.6400;7579
2025.07.02;240.4700;245.1500;6649
2025.07.03;245.8400;245.6800;3853
2025.07.07;244.8100;241.8100;6005
2025.07.08;243.6000;245.1500;7029
2025.07.09;245.5900;242.7200;8257
2025.07.10;244.7800;245.1300;5413
2025.07.11;243.3600;244.6700;4230
2025.07.14;243.1200;243.4600;4460
2025.07.15;244.9900;240.4200;8867
2025.07.16;240.5000;240.6100;6069
2025.07.17;239.9400;240.9700;7220
2025.07.18;243.0400;241.8500;6648
2025.07.21;243.1100;240.4800;7924
2025.07.22;238.7900;235.5000;11546
2025.07.23;230.6700;228.0800;18776
2025.07.24;227.3900;226.3700;11813
2025.07.25;226.6400;227.8200;6328
2025.07.28;228.9100;230.7700;7696
2025.07.29;231.9900;230.7500;4986
2025.07.30;231.8300;231.1100;4598
2025.07.31;228.2800;224.6300;8720
2025.08.01;222.2700;221.7100;9409
2025.08.13;232.9700;237.6300;8887
2025.08.14;234.8600;236.2100;4849
2025.08.15;237.2100;231.6300;7959
2025.08.18;231.2800;231.5500;4878
2025.08.19;231.7400;230.4400;11333
2025.08.20;238.9600;244.8700;19646
2025.08.21;244.0000;246.9500;15199
2025.08.22;249.1900;252.2000;9677
2025.08.25;252.1500;254.4900;8189
2025.08.26;254.0000;255.6300;7719
2025.08.27;254.3700;255.5000;4861
2025.08.28;256.1500;254.2500;6374
2025.08.29;254.2500;251.3100;8149
2025.09.02;246.5000;248.3200;5904
2025.09.03;248.3200;244.5500;6888
2025.09.04;243.0000;246.1100;5877
2025.09.05;246.2200;247.0700;4520
2025.09.08;248.3700;248.9800;5311
2025.09.09;248.1100;248.1800;4507
2025.09.10;248.3000;247.2100;5420
2025.09.11;247.7600;248.2400;4203
2025.09.12;247.6200;245.2100;3863
2025.09.15;239.0200;244.9100;4980
2025.09.16;243.1800;244.1000;5919
2025.09.17;244.1100;246.3200;6255
2025.09.18;251.0900;249.0500;6283
2025.09.19;249.9500;245.3300;5577
2025.09.22;247.0600;247.3400;3635
2025.09.23;248.3700;246.7800;4403
2025.09.24;247.0500;248.6100;4755
2025.09.25;247.5700;247.5300;5385
2025.09.26;248.0600;247.5600;5031
2025.09.29;249.3300;244.7900;5081
2025.09.30;245.8100;245.7000;4568
2025.10.01;243.7100;239.2800;10124
2025.10.02;241.7200;241.6700;6372
2025.10.03;242.9600;241.9900;5277
2025.10.06;245.0100;242.5000;7772
2025.10.07;243.3900;233.7500;7132
2025.10.08;233.8000;237.9300;7301
2025.10.09;237.7400;237.8800;7016
2025.10.10;237.7400;225.3200;8208
2025.10.13;228.3200;234.6700;9048
2025.10.14;230.1100;235.4000;8438
2025.10.15;238.0300;238.1500;6167
2025.10.16;240.3300;241.6100;6720
2025.10.17;241.7700;242.8700;6054
2025.10.20;242.8700;246.2200;5882
2025.10.21;247.8200;246.3700;6270
2025.10.22;240.9200;240.3600;8644
2025.10.23;237.3000;243.2900;4941
2025.10.24;245.4500;238.0100;8239
2025.10.27;239.7000;243.0100;7191
2025.10.28;241.5100;239.3500;5798
2025.10.29;239.7600;235.0400;7743
2025.10.30;235.0400;232.9000;6708
2025.10.31;232.9000;234.1300;5179
2025.11.03;234.9500;233.6100;4787
2025.11.04;233.0400;229.3800;5534
2025.11.05;230.0900;236.0000;5474
2025.11.06;235.1900;232.8800;5624
2025.11.07;229.4000;228.4800;9204
2025.11.10;231.8600;232.0000;6376
2025.11.11;231.5100;233.4100;5927
2025.11.12;236.9200;241.4400;10889
2025.11.13;239.6400;237.5300;10640
2025.11.14;234.1900;234.8900;8033
2025.11.17;233.2900;229.9400;8912
2025.11.18;229.8500;230.1300;8554
2025.11.19;229.5400;232.2000;5957
2025.11.20;234.2900;225.2000;6664
2025.11.21;225.5900;232.3200;7375
2025.11.24;233.6500;239.4000;12879
2025.11.25;230.1100;252.0200;14734
2025.11.26;255.0000;257.9200;9519
2025.11.28;259.3600;265.5600;5904
2025.12.01;262.5000;266.5100;9047
2025.12.02;268.1900;272.9700;9425
2025.12.03;274.4900;278.2400;8634
2025.12.04;277.3600;277.2600;6186
2025.12.05;280.1200;281.2900;5323
2025.12.08;281.7800;279.1300;6892
2025.12.09;277.5800;276.2400;4397
2025.12.10;275.6500;281.5700;7978
2025.12.11;280.4800;283.3900;5359
2025.12.12;282.4200;279.3200;7017
2025.12.15;281.6300;280.4400;7585
2025.12.16;280.9300;278.4000;7751
2025.12.17;279.3800;271.0400;7713
2025.12.18;275.6900;274.9200;9207
2025.12.19;275.0900;274.4400;9930
2025.12.22;278.4100;275.8200;4203
2025.12.23;275.6300;276.7300;3014
2025.12.24;277.1600;277.5600;1990
2025.12.26;277.7300;276.8400;2901
2025.12.29;275.6400;275.6300;3205
2025.12.30;276.7000;274.8200;2813
2025.12.31;274.8200;271.2000;3446
2026.01.02;275.0700;273.7400;5399
2026.01.05;275.0300;277.2900;4897
2026.01.06;279.7400;292.9400;13253
2026.01.07;288.8900;292.8900;8039
2026.01.08;290.3800;299.1600;8297
2026.01.09;299.8800;300.9300;5721
2026.01.12;297.3000;293.8600;6338
2026.01.13;295.1800;296.2100;5522
2026.01.14;295.9700;297.9900;8119
2026.01.15;301.8100;302.1000;8558
2026.01.16;307.0200;300.1900;5959
2026.01.20;295.1000;295.6700;8618
2026.01.21;298.9600;304.9700;8385
2026.01.22;309.4700;308.5200;6041
2026.01.23;310.7500;305.6000;5551
2026.01.26;304.3900;304.0100;4917
2026.01.27;305.2400;303.8300;7584
2026.01.28;313.0000;317.6300;9260
2026.01.29;316.0700;318.7000;6473
2026.01.30;314.2500;310.8800;7607
2026.02.02;307.0700;316.8600;6575
2026.02.03;316.8600;311.2900;12784
2026.02.04;315.7500;320.4400;12863
2026.02.05;316.3400;322.1200;10726
2026.02.06;322.9600;320.4500;16900
2026.02.09;319.3300;322.9700;6374
2026.02.10;320.7400;325.1600;5064
2026.02.11;330.0000;337.0000;8404
2026.02.12;339.3700;331.3600;10411
2026.02.13;329.7300;337.1000;7154
2026.02.17;335.5800;337.5100;8977
2026.02.18;352.0000;346.3700;20341
2026.02.19;343.7200;345.3000;12560
2026.02.20;345.3000;355.0300;9241
2026.02.23;352.5300;355.1500;8705
2026.02.24;359.0000;356.0900;8207
2026.02.25;361.0200;360.8000;5153
2026.02.26;360.8300;353.4700;5321
2026.02.27;351.3000;355.7900;8641
2026.03.02;350.0000;352.4100;6482
2026.03.03;339.1500;338.9900;8561
2026.03.04;342.6100;341.5100;6366
2026.03.05;336.7500;329.7200;9620
2026.03.06;319.7000;315.8100;10085
2026.03.09;311.0100;319.7100;14136
2026.03.10;319.7400;318.8100;10861
2026.03.11;319.2900;319.2200;6140
2026.03.12;313.9000;307.2700;8753
2026.03.13;309.8800;306.0700;6592
2026.03.16;311.6700;310.9200;6538
2026.03.17;312.2000;313.6600;4403
2026.03.18;313.3300;308.5900;6574
2026.03.19;303.3700;310.4400;6889
2026.03.20;311.1500;309.4300;5599
2026.03.23;315.4800;312.1900;6208
2026.03.24;312.0400;321.8300;7342
2026.03.25;325.0000;322.0300;5025
2026.03.26;319.1000;313.4200;6309
2026.03.27;310.8700;307.4400;6534
2026.03.30;313.1000;303.1000;6694
2026.03.31;309.3700;318.1400;7634
2026.04.01;318.1400;320.5800;6673
2026.04.02;310.2700;318.3400;4175
2026.04.06;320.0000;327.3600;4585
2026.04.07;323.7900;327.4100;4773
2026.04.08;345.8100;346.2100;9196
2026.04.09;346.0000;351.3600;4860
2026.04.10;352.9900;350.1400;5659
2026.04.13;348.6900;350.0100;4498
2026.04.14;352.4300;348.6000;4825
2026.04.15;347.3500;347.9400;5485
2026.04.16;346.9700;353.8000;4383
2026.04.17;359.1100;371.4500;10983
2026.04.20;374.0600;381.0500;9512
2026.04.21;382.5900;375.2700;6857
2026.04.22;380.9400;381.4200;4579
2026.04.23;397.9000;403.8800;9994
2026.04.24;404.0700;399.5700;8411
2026.04.27;398.2900;392.5900;5203
2026.04.28;389.3700;383.3200;5525
2026.04.29;392.0000;389.3100;6743
2026.04.30;393.4900;402.2600;5789
2026.05.01;397.0600;397.6900;9168
2026.05.04;402.2600;397.0200;8947
2026.05.05;397.6300;404.7700;10826
2026.05.06;404.7100;415.6600;16903
2026.05.07;412.8800;408.5200;19761
2026.05.08;418.0000;416.5200;15903
2026.05.11;412.2100;422.7300;16995
2026.05.12;417.8500;419.6500;21618
2026.05.13;427.8400;432.3900;13803
2026.05.14;430.9700;426.7900;12664
2026.05.15;415.1800;417.4900;15330
2026.05.18;425.9400;418.5800;19099
2026.05.19;408.8600;414.3100;30552
2026.05.20;390.0000;398.0500;44400
2026.05.21;396.6400;384.2100;24989
2026.05.22;388.5400;397.0700;17021
2026.05.26;407.5000;419.9400;22358
2026.05.27;433.5000;416.8800;17074
2026.05.28;416.9000;419.0100;17894
2026.05.29;422.2500;413.8500;14685
2026.06.01;404.2500;402.6900;20149
2026.06.02;409.5000;423.2000;16142
2026.06.03;424.9500;437.6700;22009
2026.06.04;427.7800;428.7600;17129
2026.06.05;419.4900;401.3900;28877
2026.06.08;415.0000;403.8900;19300
2026.06.09;411.9500;404.6200;24986
2026.06.10;399.5600;392.6700;20607
2026.06.11;402.0000;412.1300;18207
2026.06.12;411.9500;417.7900;13881
2026.06.15;429.1700;427.5800;17568
2026.06.16;426.5900;416.0000;15534
2026.06.17;422.8100;414.4500;15851
2026.06.18;426.2300;434.4600;25802
2026.06.22;438.0000;445.4800;16133
2026.06.23;426.8600;407.2600;29575
2026.06.24;407.2200;413.1600;17714
2026.06.25;424.2500;417.9300;24520
2026.06.26;405.4300;386.9100;41039
2026.06.29;388.1600;391.7800;19519
2026.06.30;391.7800;397.1700;21068
2026.07.01;390.7800;388.9800;20545
2026.07.02;390.8100;377.1600;24898
2026.07.06;388.8100;388.8300;17050
2026.07.07;376.3300;379.0300;18839
2026.07.08;376.0000;385.4000;10855
2026.07.09;395.6000;393.6400;13217
2026.07.10;387.7300;395.6500;8555
2026.07.13;389.8300;386.0100;14850
